customerID,tenure,PhoneService,Contract,PaymentMethod,MonthlyCharges,TotalCharges,MonthlyCharges_tenure_ratio
9305-CKSKC,22,1,0,2,97.4,811.7,4.427272727272728
1452-KNGVK,8,0,1,1,77.3,1701.95,9.6625
6723-OKKJM,28,1,0,0,28.25,250.9,1.0089285714285714
7832-POPKP,62,1,0,2,101.7,3106.56,1.6403225806451613
6348-TACGU,10,0,0,1,51.15,3440.97,5.115
